trade_no,session_date,entry_time,exit_time,side,entry_strike,atm_at_entry,atm_at_exit,spot_at_entry,spot_at_exit,entry_premium,exit_premium,holding_bars,holding_seconds,exit_reason,gross_pnl_pts,gross_pnl_inr,spread_cost_inr,stt_inr,brokerage_inr,exchange_inr,total_cost_inr,net_pnl_inr,premium_missing
1,2026-03-04,2026-03-04T09:55:25.000000,2026-03-04T09:56:00.000000,CE,24350.0,24350.0,24350.0,24356.75,24347.7,335.4,330.4,7,35,STOP,-5.0,-375.0,225.0,15.487499999999999,40,10,290.4875,-665.4875,false
2,2026-03-04,2026-03-04T10:02:20.000000,2026-03-04T10:04:20.000000,CE,24350.0,24350.0,24350.0,24329.1,24334.6,322.25,322.75,24,120,TIME,0.5,37.5,225.0,15.12890625,40,10,290.12890625,-252.62890625,false
3,2026-03-04,2026-03-04T10:05:35.000000,2026-03-04T10:06:00.000000,CE,24350.0,24350.0,24350.0,24348.1,24337.4,326.2,320.8,5,25,STOP,-5.399999999999977,-404.9999999999983,225.0,15.037500000000001,40,10,290.0375,-695.0374999999983,false
4,2026-03-04,2026-03-04T10:06:00.000000,2026-03-04T10:08:00.000000,CE,24350.0,24350.0,24350.0,24337.4,24344.2,320.8,324.05,24,120,TIME,3.25,243.75,225.0,15.189843750000001,40,10,290.18984375,-46.43984375000002,false
5,2026-03-04,2026-03-04T10:08:25.000000,2026-03-04T10:09:35.000000,CE,24350.0,24350.0,24350.0,24353.65,24370.75,328.25,336.35,14,70,TARGET,8.100000000000023,607.5000000000017,225.0,15.766406250000001,40,10,290.76640625,316.7335937500017,false
6,2026-03-05,2026-03-05T09:30:00.000000,2026-03-05T09:30:25.000000,PE,24600.0,24600.0,24550.0,24576.95,24564.05,246.05,254.3,5,25,TARGET,8.25,618.75,225.0,11.920312500000001,40,10,286.9203125,331.8296875,false
7,2026-03-05,2026-03-05T09:30:25.000000,2026-03-05T09:32:10.000000,PE,24550.0,24550.0,24600.0,24564.05,24575.4,233.3,225.0,21,105,STOP,-8.300000000000011,-622.5000000000009,225.0,10.546875,40,10,285.546875,-908.0468750000009,false
8,2026-03-05,2026-03-05T09:33:50.000000,2026-03-05T09:35:00.000000,PE,24600.0,24600.0,24550.0,24578.2,24560.15,245.6,255.55,14,70,TARGET,9.950000000000017,746.2500000000013,225.0,11.978906250000001,40,10,286.97890625,459.2710937500012,false
9,2026-03-05,2026-03-05T09:35:00.000000,2026-03-05T09:35:45.000000,PE,24550.0,24550.0,24550.0,24560.15,24567.0,233.65,227.15,9,45,STOP,-6.5,-487.5,225.0,10.64765625,40,10,285.64765625,-773.14765625,false
10,2026-03-05,2026-03-05T09:36:25.000000,2026-03-05T09:37:25.000000,PE,24550.0,24550.0,24550.0,24558.95,24540.85,231.9,240.6,12,60,TARGET,8.699999999999989,652.4999999999991,225.0,11.278125000000001,40,10,286.278125,366.2218749999991,false
11,2026-03-06,2026-03-06T09:30:35.000000,2026-03-06T09:32:20.000000,PE,24650.0,24650.0,24650.0,24673.35,24668.25,211.45,206.2,21,105,STOP,-5.25,-393.75,225.0,9.665624999999999,40,10,284.665625,-678.415625,false
12,2026-03-06,2026-03-06T09:34:15.000000,2026-03-06T09:36:15.000000,PE,24650.0,24650.0,24650.0,24658.6,24649.15,212.0,213.35,24,120,TIME,1.3499999999999943,101.24999999999957,225.0,10.000781250000001,40,10,285.00078125,-183.75078125000041,false
13,2026-03-06,2026-03-06T09:38:50.000000,2026-03-06T09:40:50.000000,PE,24650.0,24650.0,24650.0,24663.8,24646.3,209.9,215.75,24,120,TIME,5.849999999999994,438.74999999999955,225.0,10.113281250000002,40,10,285.11328125,153.63671874999955,false
14,2026-03-06,2026-03-06T09:41:25.000000,2026-03-06T09:41:40.000000,PE,24650.0,24650.0,24650.0,24646.05,24655.45,216.65,207.4,3,15,STOP,-9.25,-693.75,225.0,9.721875,40,10,284.721875,-978.471875,false
15,2026-03-06,2026-03-06T09:46:25.000000,2026-03-06T09:46:40.000000,CE,24700.0,24700.0,24700.0,24686.75,24675.3,204.65,196.15,3,15,STOP,-8.5,-637.5,225.0,9.19453125,40,10,284.19453125,-921.69453125,false
16,2026-03-09,2026-03-09T09:32:40.000000,2026-03-09T09:33:00.000000,PE,23750.0,23750.0,23750.0,23771.1,23746.1,204.25,215.3,4,20,TARGET,11.050000000000011,828.7500000000009,225.0,10.0921875,40,10,285.0921875,543.6578125000009,false
17,2026-03-09,2026-03-09T09:33:00.000000,2026-03-09T09:33:30.000000,PE,23750.0,23750.0,23750.0,23746.1,23737.2,215.3,223.8,6,30,TARGET,8.5,637.5,225.0,10.490625,40,10,285.490625,352.009375,false
18,2026-03-09,2026-03-09T09:33:30.000000,2026-03-09T09:33:45.000000,PE,23750.0,23750.0,23750.0,23737.2,23748.15,223.8,215.45,3,15,STOP,-8.350000000000023,-626.2500000000017,225.0,10.09921875,40,10,285.09921875,-911.3492187500017,false
19,2026-03-09,2026-03-09T09:33:45.000000,2026-03-09T09:33:50.000000,PE,23750.0,23750.0,23750.0,23748.15,23762.85,215.45,209.65,1,5,STOP,-5.799999999999983,-434.99999999999875,225.0,9.82734375,40,10,284.82734375,-719.8273437499988,false
20,2026-03-09,2026-03-09T09:33:50.000000,2026-03-09T09:35:50.000000,PE,23750.0,23750.0,23750.0,23762.85,23762.35,209.65,211.55,24,120,TIME,1.9000000000000057,142.50000000000043,225.0,9.91640625,40,10,284.91640625,-142.4164062499996,false
21,2026-03-10,2026-03-10T09:31:10.000000,2026-03-10T09:31:40.000000,PE,24150.0,24150.0,24150.0,24126.6,24130.75,99.9,94.3,6,30,STOP,-5.6000000000000085,-420.0000000000006,225.0,4.4203125,40,10,279.4203125,-699.4203125000006,false
22,2026-03-10,2026-03-10T09:31:45.000000,2026-03-10T09:32:10.000000,PE,24150.0,24150.0,24150.0,24139.3,24149.05,91.9,84.75,5,25,STOP,-7.150000000000006,-536.2500000000005,225.0,3.97265625,40,10,278.97265625,-815.2226562500005,false
23,2026-03-10,2026-03-10T09:33:30.000000,2026-03-10T09:35:10.000000,PE,24150.0,24150.0,24100.0,24133.8,24119.25,93.25,101.25,20,100,TARGET,8.0,600.0,225.0,4.74609375,40,10,279.74609375,320.25390625,false
24,2026-03-10,2026-03-10T09:36:40.000000,2026-03-10T09:37:15.000000,PE,24100.0,24100.0,24100.0,24091.5,24098.7,97.9,91.0,7,35,STOP,-6.900000000000006,-517.5000000000005,225.0,4.265625,40,10,279.265625,-796.7656250000005,false
25,2026-03-10,2026-03-10T09:39:40.000000,2026-03-10T09:41:40.000000,PE,24100.0,24100.0,24100.0,24096.3,24098.3,92.25,89.5,24,120,TIME,-2.75,-206.25,225.0,4.1953125,40,10,279.1953125,-485.4453125,false
26,2026-03-11,2026-03-11T09:48:15.000000,2026-03-11T09:50:15.000000,CE,24200.0,24200.0,24200.0,24191.15,24202.0,264.65,269.5,24,120,TIME,4.850000000000023,363.7500000000017,225.0,12.6328125,40,10,287.6328125,76.1171875000017,false
27,2026-03-11,2026-03-11T09:50:15.000000,2026-03-11T09:51:50.000000,CE,24200.0,24200.0,24200.0,24202.0,24190.5,269.5,264.5,19,95,STOP,-5.0,-375.0,225.0,12.3984375,40,10,287.3984375,-662.3984375,false
28,2026-03-11,2026-03-11T09:54:40.000000,2026-03-11T09:55:00.000000,CE,24150.0,24150.0,24150.0,24155.65,24146.9,280.0,274.4,4,20,STOP,-5.600000000000023,-420.0000000000017,225.0,12.862499999999999,40,10,287.8625,-707.8625000000018,false
29,2026-03-11,2026-03-11T09:55:20.000000,2026-03-11T09:57:20.000000,CE,24150.0,24150.0,24150.0,24150.1,24168.35,277.45,283.7,24,120,TIME,6.25,468.75,225.0,13.298437499999999,40,10,288.2984375,180.45156250000002,false
30,2026-03-11,2026-03-11T09:57:20.000000,2026-03-11T09:59:20.000000,CE,24150.0,24150.0,24150.0,24168.35,24159.55,283.7,280.2,24,120,TIME,-3.5,-262.5,225.0,13.134375,40,10,288.134375,-550.634375,false
31,2026-03-12,2026-03-12T09:30:25.000000,2026-03-12T09:31:00.000000,PE,23600.0,23600.0,23600.0,23594.5,23605.6,269.7,264.25,7,35,STOP,-5.449999999999989,-408.74999999999915,225.0,12.38671875,40,10,287.38671875,-696.1367187499991,false
32,2026-03-12,2026-03-12T09:31:00.000000,2026-03-12T09:31:35.000000,PE,23600.0,23600.0,23600.0,23605.6,23616.7,264.25,258.15,7,35,STOP,-6.100000000000023,-457.5000000000017,225.0,12.100781249999999,40,10,287.10078125,-744.6007812500018,false
33,2026-03-12,2026-03-12T09:34:05.000000,2026-03-12T09:35:15.000000,PE,23600.0,23600.0,23600.0,23602.8,23587.4,267.75,275.9,14,70,TARGET,8.149999999999977,611.2499999999983,225.0,12.932812499999999,40,10,287.9328125,323.3171874999983,false
34,2026-03-12,2026-03-12T09:36:00.000000,2026-03-12T09:36:25.000000,PE,23600.0,23600.0,23600.0,23587.2,23596.5,275.45,269.85,5,25,STOP,-5.599999999999966,-419.99999999999744,225.0,12.649218750000001,40,10,287.64921875,-707.6492187499974,false
35,2026-03-12,2026-03-12T09:36:25.000000,2026-03-12T09:37:10.000000,PE,23600.0,23600.0,23600.0,23596.5,23585.25,269.85,278.2,9,45,TARGET,8.349999999999966,626.2499999999975,225.0,13.040625,40,10,288.040625,338.2093749999975,false
36,2026-03-13,2026-03-13T09:33:20.000000,2026-03-13T09:34:05.000000,PE,23450.0,23450.0,23450.0,23471.05,23458.65,212.6,221.4,9,45,TARGET,8.800000000000011,660.0000000000009,225.0,10.378125,40,10,285.378125,374.6218750000009,false
37,2026-03-13,2026-03-13T09:34:05.000000,2026-03-13T09:36:05.000000,PE,23450.0,23450.0,23450.0,23458.65,23445.4,221.4,223.8,24,120,TIME,2.4000000000000057,180.00000000000043,225.0,10.490625,40,10,285.490625,-105.4906249999996,false
38,2026-03-13,2026-03-13T09:39:35.000000,2026-03-13T09:41:35.000000,PE,23450.0,23450.0,23450.0,23451.15,23452.05,223.95,222.75,24,120,TIME,-1.1999999999999886,-89.99999999999915,225.0,10.44140625,40,10,285.44140625,-375.44140624999915,false
39,2026-03-13,2026-03-13T09:43:40.000000,2026-03-13T09:45:40.000000,PE,23450.0,23450.0,23400.0,23439.8,23420.15,230.6,236.9,24,120,TIME,6.300000000000011,472.50000000000085,225.0,11.1046875,40,10,286.1046875,186.39531250000084,false
40,2026-03-13,2026-03-13T09:53:10.000000,2026-03-13T09:54:35.000000,CE,23400.0,23400.0,23350.0,23380.85,23367.05,236.75,231.65,17,85,STOP,-5.099999999999994,-382.49999999999955,225.0,10.85859375,40,10,285.85859375,-668.3585937499995,false
41,2026-03-16,2026-03-16T10:00:50.000000,2026-03-16T10:01:35.000000,CE,23200.0,23200.0,23200.0,23186.95,23177.5,176.7,170.0,9,45,STOP,-6.699999999999989,-502.49999999999915,225.0,7.96875,40,10,282.96875,-785.4687499999991,false
42,2026-03-16,2026-03-16T10:04:25.000000,2026-03-16T10:05:00.000000,CE,23200.0,23200.0,23200.0,23186.2,23203.75,174.6,185.4,7,35,TARGET,10.800000000000011,810.0000000000009,225.0,8.690625,40,10,283.690625,526.309375000001,false
43,2026-03-16,2026-03-16T10:05:00.000000,2026-03-16T10:05:25.000000,CE,23200.0,23200.0,23200.0,23203.75,23193.15,185.4,178.25,5,25,STOP,-7.150000000000006,-536.2500000000005,225.0,8.35546875,40,10,283.35546875,-819.6054687500005,false
44,2026-03-16,2026-03-16T10:14:55.000000,2026-03-16T10:15:35.000000,CE,23150.0,23150.0,23150.0,23155.2,23139.4,183.15,177.85,8,40,STOP,-5.300000000000011,-397.50000000000085,225.0,8.33671875,40,10,283.33671875,-680.8367187500008,false
45,2026-03-16,2026-03-16T10:16:40.000000,2026-03-16T10:17:35.000000,CE,23150.0,23150.0,23100.0,23128.55,23118.8,174.0,168.15,11,55,STOP,-5.849999999999994,-438.74999999999955,225.0,7.88203125,40,10,282.88203125,-721.6320312499995,false
46,2026-03-17,2026-03-17T09:58:20.000000,2026-03-17T09:58:30.000000,CE,23500.0,23500.0,23500.0,23498.75,23492.95,78.1,70.1,2,10,STOP,-8.0,-600.0,225.0,3.2859374999999997,40,10,278.2859375,-878.2859375,false
47,2026-03-17,2026-03-17T09:58:40.000000,2026-03-17T09:58:50.000000,CE,23500.0,23500.0,23500.0,23498.35,23493.3,74.7,68.65,2,10,STOP,-6.049999999999997,-453.7499999999998,225.0,3.2179687500000007,40,10,278.21796875,-731.9679687499997,false
48,2026-03-17,2026-03-17T09:59:50.000000,2026-03-17T10:01:50.000000,CE,23500.0,23500.0,23500.0,23495.8,23508.95,73.15,77.95,24,120,TIME,4.799999999999997,359.9999999999998,225.0,3.6539062500000004,40,10,278.65390625,81.3460937499998,false
49,2026-03-17,2026-03-17T10:02:40.000000,2026-03-17T10:03:45.000000,CE,23500.0,23500.0,23500.0,23520.7,23512.15,84.8,79.45,13,65,STOP,-5.349999999999994,-401.24999999999955,225.0,3.7242187500000004,40,10,278.72421875,-679.9742187499995,false
50,2026-03-17,2026-03-17T10:04:35.000000,2026-03-17T10:05:05.000000,CE,23500.0,23500.0,23500.0,23509.7,23522.85,76.25,84.95,6,30,TARGET,8.700000000000003,652.5000000000002,225.0,3.9820312500000004,40,10,278.98203125,373.51796875000025,false
51,2026-03-18,2026-03-18T09:49:10.000000,2026-03-18T09:50:05.000000,CE,23750.0,23750.0,23750.0,23726.05,23740.9,206.75,219.2,11,55,TARGET,12.449999999999989,933.7499999999991,225.0,10.274999999999999,40,10,285.275,648.4749999999991,false
52,2026-03-18,2026-03-18T09:50:05.000000,2026-03-18T09:51:50.000000,CE,23750.0,23750.0,23750.0,23740.9,23739.6,219.2,214.1,21,105,STOP,-5.099999999999994,-382.49999999999955,225.0,10.0359375,40,10,285.0359375,-667.5359374999996,false
53,2026-03-18,2026-03-18T10:14:00.000000,2026-03-18T10:15:35.000000,CE,23650.0,23650.0,23650.0,23651.95,23672.2,233.05,241.05,19,95,TARGET,8.0,600.0,225.0,11.299218750000001,40,10,286.29921875,313.70078125,false
54,2026-03-18,2026-03-18T10:16:45.000000,2026-03-18T10:18:10.000000,CE,23700.0,23700.0,23700.0,23682.7,23698.65,216.9,225.0,17,85,TARGET,8.099999999999994,607.4999999999995,225.0,10.546875,40,10,285.546875,321.95312499999955,false
55,2026-03-18,2026-03-18T10:18:10.000000,2026-03-18T10:20:10.000000,CE,23700.0,23700.0,23700.0,23698.65,23711.4,225.0,229.9,24,120,TIME,4.900000000000006,367.50000000000045,225.0,10.776562499999999,40,10,285.7765625,81.72343750000044,false
56,2026-03-19,2026-03-19T09:30:00.000000,2026-03-19T09:32:00.000000,PE,23300.0,23300.0,23300.0,23313.35,23313.6,232.4,235.55,24,120,TIME,3.1500000000000057,236.25000000000043,225.0,11.041406250000001,40,10,286.04140625,-49.791406249999596,false
57,2026-03-19,2026-03-19T09:32:00.000000,2026-03-19T09:32:45.000000,PE,23300.0,23300.0,23300.0,23313.6,23317.85,235.55,229.5,9,45,STOP,-6.050000000000011,-453.75000000000085,225.0,10.7578125,40,10,285.7578125,-739.5078125000009,false
58,2026-03-19,2026-03-19T09:34:35.000000,2026-03-19T09:36:00.000000,PE,23300.0,23300.0,23300.0,23302.95,23295.8,241.85,250.55,17,85,TARGET,8.700000000000017,652.5000000000013,225.0,11.74453125,40,10,286.74453125,365.7554687500012,false
59,2026-03-19,2026-03-19T09:36:00.000000,2026-03-19T09:37:45.000000,PE,23300.0,23300.0,23300.0,23295.8,23299.95,250.55,243.5,21,105,STOP,-7.050000000000011,-528.7500000000009,225.0,11.4140625,40,10,286.4140625,-815.1640625000009,false
60,2026-03-19,2026-03-19T09:38:30.000000,2026-03-19T09:39:10.000000,PE,23300.0,23300.0,23250.0,23275.6,23259.35,261.7,271.2,8,40,TARGET,9.5,712.5,225.0,12.712499999999999,40,10,287.7125,424.7875,false
